B.Code,value,n_dups,issue_addressed,addressed_by_whom,notes
AC0016,Maize intercrop Abontem/No living mulch Omankwa/Maize intercrop Omankwa/No living mulch Obatanpa/Maize intercrop Obatanpa,5,FALSE,"",""
AC0020,LM-F0 Ben/HM-F0 Ben/HM-FM Ben/HM-FC Ben/LM-F0 2cycle Ben/LM-FM 2cycle Ben/LM-FC 2cycle Ben/LC-F0 An/LM-F0 An/HC-F0 An/HM-F0 An/HC-FM An/HC-FC An/HM-FM An/HM-FC An/HC-F0 2cycle An/LM-F0 2cycle An/HC-FM 2cycle An/LM-FM 2cycle An/HC-FC 2cycle An/LM-FC 2cycle An/LM-F0 Ben2/HM-F0 Ben2/HM-FM Ben2/HM-FC Ben2/LM-F0 2cycle Ben2/LM-FM 2cycle Ben2/LM-FC 2cycle Ben2/HM-F0 2cycle Ben/HM-FM 2cycle Ben/HM-FC 2cycle Ben/HM-F0 2cycle An/HM-FM 2cycle An/HM-FC 2cycle An/HM-F0 2cycle Ben2/HM-FM 2cycle Ben2/HM-FC 2cycle Ben2,37,FALSE,"",""
AC0023,HAES 660 int/HAES 816 int/IAC 9-20 int/IAC 4-12B int/IAC 4-20 int,5,FALSE,"",""
AC0030.1,MH140 Sole/BH540 Sole/MH130 Sole/Melkassa-6Q Sole/Gibe-2 Sole/Melkassa-4 Sole/Melkassa-2 Sole/MH140 Under/BH540 Under/MH130 Under/Melkassa-6Q Under/Gibe-2 Under/Melkassa-4 Under/Melkassa-2 Under,14,FALSE,"",""
AC0030.2,PAN67 Sole G.r/SC403 Sole G.r/SC513 Sole G.r/ISARM081 Sole G.r/ISARM101 Sole G.r/Pool32 Sole G.r/ZM607 Sole G.r/PAN67 Under G.r/SC403 Under G.r/SC513 Under G.r/ISARM081 Under G.r/ISARM101 Under G.r/Pool32 Under G.r/ZM607 Under G.r/PAN4M21 Sole S.s/PAN67 Sole S.s/SC403 Sole S.s/SC513 Sole S.s/ISARM081 Sole S.s/ISARM101 Sole S.s/Pool32 Sole S.s/ZM607 Sole S.s/PAN67 Under S.s/SC403 Under S.s/SC513 Under S.s/ISARM081 Under S.s/ISARM101 Under S.s/Pool32 Under S.s/ZM607 Under S.s,29,FALSE,"",""
AC0032,Maize rot,1,FALSE,Jabesh,This is correct
AC0036,SAMSOY-2/IT96-724,2,FALSE,"",""
AC0037,HAES 660 int/HAES 816 int/IAC 9-20 int/IAC 4-12B int/IAC 4-20 int,5,FALSE,"",""
AC0047.2,Maize CT not imp/Maize NT not imp/Maize ripping not imp,3,FALSE,"",""
AC0050,NPK Obatanpa/GM Obatanpa/GM + NPK Obatanpa/Control Obatanpa/NPK Omankwa/GM Omankwa/GM + NPK Omankwa/Control Omankwa,8,FALSE,"",""
AC0054,Cotton RR STAM 279A/Cotton RR1.5 STAM 279A/No-Fertilizer Cotton STAM 279A,3,FALSE,"",""
AC0062,SS Enforcer/S int Enforcer/SS Titan/S int Titan/SS NS5511/S int NS5511,6,FALSE,"",""
AC0064,IBL1 0N/QSW3 0N/ILB2 0N/QSW4 0N/ILB6 0N/QSW5 0N/IBL7 0N/QSW6 0N/IBL15 0N/QSW7 0N/IBL17 0N/QSW8 0N/IBL18 0N/QSW10 0N/IBL21 0N/QSW12 0N/IBL22 0N/QSW13 0N/QSW14 0N/QSW15 0N/QSW16 0N/QSW17 0N/QSW18 0N/QSW20 0N/QSW21 0N/QSW22 0N/QSW23 0N/QSW25 0N/QSW28 0N/QSW29 0N/QSW32 0N/IBL1 30N/QSW3 30N/ILB2 30N/QSW4 30N/ILB6 30N/QSW5 30N/IBL7 30N/QSW6 30N/IBL15 30N/QSW7 30N/IBL17 30N/QSW8 30N/IBL18 30N/QSW10 30N/IBL21 30N/QSW12 30N/IBL22 30N/QSW13 30N/QSW14 30N/QSW15 30N/QSW16 30N/QSW17 30N/QSW18 30N/QSW20 30N/QSW21 30N/QSW22 30N/QSW23 30N/QSW25 30N/QSW28 30N/QSW29 30N/QSW32 30N/IBL1 60N/QSW3 60N/ILB2 60N/QSW4 60N/ILB6 60N/QSW5 60N/IBL7 60N/QSW6 60N/IBL15 60N/QSW7 60N/IBL17 60N/QSW8 60N/IBL18 60N/QSW10 60N/IBL21 60N/QSW12 60N/IBL22 60N/QSW13 60N/QSW14 60N/QSW15 60N/QSW16 60N/QSW17 60N/QSW18 60N/QSW20 60N/QSW21 60N/QSW22 60N/QSW23 60N/QSW25 60N/QSW28 60N/QSW29 60N/QSW32 60N/IBL1 90N/QSW3 90N/ILB2 90N/QSW4 90N/ILB6 90N/QSW5 90N/IBL7 90N/QSW6 90N/IBL15 90N/QSW7 90N/IBL17 90N/QSW8 90N/IBL18 90N/QSW10 90N/IBL21 90N/QSW12 90N/IBL22 90N/QSW13 90N/QSW14 90N/QSW15 90N/QSW16 90N/QSW17 90N/QSW18 90N/QSW20 90N/QSW21 90N/QSW22 90N/QSW23 90N/QSW25 90N/QSW28 90N/QSW29 90N/QSW32 90N/IBL1 120N/QSW3 120N/ILB2 120N/QSW4 120N/ILB6 120N/QSW5 120N/IBL7 120N/QSW6 120N/IBL15 120N/QSW7 120N/IBL17 120N/QSW8 120N/IBL18 120N/QSW10 120N/IBL21 120N/QSW12 120N/IBL22 120N/QSW13 120N/QSW14 120N/QSW15 120N/QSW16 120N/QSW17 120N/QSW18 120N/QSW20 120N/QSW21 120N/QSW22 120N/QSW23 120N/QSW25 120N/QSW28 120N/QSW29 120N/QSW32 120N,155,FALSE,"",""
AC0065,Oba98 Lm0 N0/Oba98 Lm0 N1/Oba98 Lm0 N2/Oba98 Lm1 N0/Oba98 Lm1 N1/Oba98 Lm1 N2,6,FALSE,"",""
AC0072,Control Obatanpa/Farmer Practice Obatanpa/100% Briquettes Obatanpa/75% Briquettes Obatanpa/100% MFP Obatanpa/75% MFP Obatanpa,6,FALSE,"",""
AC0077.3,Maize weedy,1,FALSE,Jabesh,This is correct
AC0079,CT + 60CM,1,FALSE,"",""
AC0080,Maize DSIMC,1,FALSE,"",""
AC0090,CKH10077 CT SM/CKH10080 CT SM/CKH10085 CT SM/CKH10717 CT SM/H 513 CT SM/CKH10077 CT int/CKH10080 CT int/CKH10085 CT int/CKH10717 CT int/H 513 CT int/CKH10077 NT SM/CKH10080 NT SM/CKH10085 NT SM/CKH10717 NT SM/H 513 NT SM/CKH10077 NT int/CKH10080 NT int/CKH10085 NT int/CKH10717 NT int/H 513 NT int,20,FALSE,"",""
AC0112,TZBR Eldana 3/Farmer's variety (local),2,FALSE,"",""
AC0163,Sorghum MC DP/Sorghum int DP,2,FALSE,"",""
AC0168,MC Cp F0,1,FALSE,Jabesh,This is correct
AF0003,(Tyger)-wheat .conv,1,FALSE,Jabesh,This is correct
CJ0002,DTSR-Y/30N-DTSR-Y/90N-DTSR-Y/STRI-EVIWD/30-STRI-EVIWD/90-STRI-EVIWD/ACR8328/30N-ACR8328/90N-ACR8329/LNPC1/30N-LNPC1/90N-LNPC1/LNPC2/30N-LNPC2/90N-LNPC2/LNPC3/30N-LNPC3/90N-LNPC3/LNTP/30N-LNTP/90N-LNTP/OBA1/30N-OBA1/90N-OBA1/OBA2/30N-OBA2/90N-OBA2/ACR91SU/30N-ACR91SU/90N-ACR91SU/NEWSTY/30N-NEWSTY/90N-NEWSTY/TZBSR/30N-TZBSR/90N-TZBSR/TZUT/30N-TZUT/90N-TZUT,39,FALSE,"",""
CJ0004,M2_FERT/A2_FERT,2,FALSE,Jabesh,This is correct
CJ0005,BH-546/BH-547/BH-546_50 NPSB/BH-547_50 NPSB/BH-546_75 NPSB/BH-547_75 NPSB/BH-546_100 NPSB/BH-547_100 NPSB/BH-546_125 NPSB/BH-547_125 NPSB/BH-546_150 NPSB/BH-547_150 NPSB,12,FALSE,"",""
CJ0013,CA Maize int/CA Maize + Manure/CA Maize int + Manure,3,FALSE,Jabesh,This is correct
CJ0014,Control-LF_Kibungu/NTR-LF_Kibungu/CTM-LF_Kibungu/NTRM-LF_Kibungu/Control-LF_Machanga/NTR-LF_Machanga/CTM-LF_Machanga/NTRM-LF_Machanga,8,FALSE,Jabesh,This is correct
CJ0017,ALB 121-Common Bean-mono-OF/ICA V10-Maize-intercrop 2:1-OF/BFS 10-Common Bean-intercrop1: 1-OF/BFS 10-Common Bean-intercrop 1:2-OF/ALB 121-Common Bean-mono-IF/ICA V10-Maize-intercrop 2:1-IF/BFS 10-Common Bean-intercrop1: 1-IF/BFS 10-Common Bean-intercrop 1:2-IF,8,FALSE,"",""
CJ0025,Lab lab-PI 392369/Lab lab-PI 509114/Lab lab-GRIF 1246/Lab lab-ILRI 147/Lab lab-ILRI 730,5,FALSE,"",""
CJ0026,Maize_Rip line_CRF,1,FALSE,"",""
CJ0030,pigeonpea MD-control/pigeonpea MD intercrop-control/pigeonpea MD+P/pigeonpea MD intercrop+P,4,FALSE,"",""
CJ0031,OM/OM-90N/0M-120N/OM-150N,4,FALSE,"",""
CJ0033,Cassava int+fert/Cassava int+lime/Sole Cassava+lime+ fert/Cassava int+lime+ fert,4,FALSE,Jabesh,This is correct
CJ0038,SMr/Mr/SMr20k/Mr20k/SMr40k/Mr40k/SMr26P/Mr26P/SMr52P/Mr52P/SMr26P20K/Mr26P20K/SMr52P40K/Mr52P40K,14,FALSE,Jabesh,This is correct
CJ0039,Control_N Machanga/Control_N,2,FALSE,Jabesh,This is correct
CJ0042,T3: 30 days after FS-bean/common bean,2,FALSE,"",""
CJ0047,Sole beans (B)_SER83/Beans + manure (Bc)_SER83/Beans + manure + fertiliser (Bcf)_SER83/Beans + maize (BM)_SER83/Beans + maize + manure (BMc)_SER83/Beans + maize + fertiliser (BMf)_SER83/Beans + maize + manure + fertiliser (BMcf)_SER83,7,FALSE,"",""
CJ0051,CTFI-MZ-2061Y/CAFI-MZ-2061Y/CTDI-MZ-2061Y/CADI-MZ-2061Y/CTFI-B Pru/CAFI-B-Pru/CTDI-B-Pru/CADI-B-Pru,8,FALSE,"",""
CJ0052,N INEFF-maize/N INEFF-maize-120,2,FALSE,"",""
CJ0059,IAC-12+CB/Sole IAC-12 weeded/Sole IAC-12 unweeded/sole maize,4,FALSE,"",""
CJ0060,local bean/local bean intercrop,2,FALSE,"",""
CJ0074,sole  90 bean_lower/sole l.bean_middle/intercrop l.bean_middle/sole  90 bean_upper/intercrop 90  bean_upper,5,FALSE,"",""
CJ0079,0_AG 9030/60_AG 9030/120_AG 9030/240_AG 9030/480_AG 9030/AB_AG 9030/60_AB_AG 9030/120_AB_AG 9030/240_AB_AG 9030/480_AB_AG 9030,10,FALSE,"",""
CJ0086,P30F53YH_V5/P30F53YH_V10/P30F53YH_1/2V5+1/2V10/P30F53YH_1/3V5+1/3V10+1/3VT/P30F53YH_VT/P30F53YH_Control,6,FALSE,"",""
CJ0088,MD+PS+TR+IMB_SG,1,FALSE,"",""
CJ0089,Obatampa/IWD-C2-Syn-F2/LNE-DMRSR-W-Syn/LN-E-DMRSR-Y-Syn/LNP-Syn-W/LNP-Syn-Y/TZE31-DMRSR-LN-Syn/TZE3-DTC2-LN-Syn/TZL-LN-CI/TZL1-C6-LN-Syn/TZPB-LN-Syn/Obatampa_LN/IWD-C2-Syn-F2 _LN/LNE-DMRSR-W-Syn _LN/LN-E-DMRSR-Y-Syn _LN/LNP-Syn-W _LN/LNP-Syn-Y _LN/TZE31-DMRSR-LN-Syn _LN/TZE3-DTC2-LN-Syn _LN/TZL-LN-CI_LN/TZL1-C6-LN-Syn _LN/TZPB-LN-Syn_LN/Obatampa_HN/IWD-C2-Syn-F2 _HN/LNE-DMRSR-W-Syn _HN/LN-E-DMRSR-Y-Syn _HN/LNP-Syn-W _HN/LNP-Syn-Y _HN/TZE31-DMRSR-LN-Syn _HN/TZE3-DTC2-LN-Syn _HN/TZL-LN-CI_HN/TZL1-C6-LN-Syn _HN/TZPB-LN-Syn_HN,33,FALSE,"",""
CJ0091,S. broadcast PM_ms/S.between rows PM_ms/S.fertilizer PM_ms/T. between rows PM_ms/T. broadcast PM_ms,5,FALSE,"",""
CJ0105,F75+atropurpurea/F+atropurpurea25,2,FALSE,"",""
CJ0106,IS+N0_2016/IF+N0_2016,2,FALSE,"",""
CJ0109,Control_E_P/150N_E_P/300N_E_P/450N_E_P/Control_L_P/150N_L_P/300N_L_P/450N_L_P,8,FALSE,"",""
CJ0110,Control_M’sole/17 fert_M’sole/34 fert_M’sole/51 fert_M’sole/68 fert_M’sole/85 fert_M’sole,6,FALSE,"",""
CJ0114,"Spont veg, no melon plastic.mulch_CT/Corn +Bracharia spont veg_CT",2,FALSE,"",""
CJ0123,CONTROL_S/20N_S/40N_S/60N_S/80N_S/100N_S/CONTROL_L/20N_L/40N_L/60N_L/80N_L/100N_L,12,FALSE,"",""
CJ0125,Tiligre/millet-W/fert/Tiligre-W/fert/Tiligre/millet-fert/Tiligre-fert,4,FALSE,"",""
CJ0126,Control_SR/NPK1_SR/NPK2_SR/NPK3_SR/NPK4_SR,5,FALSE,"",""
CJ0127,Control_OPV-SS/Control_OPV-NGS/NPK-SS_OPV/NPK-NGS_OPV/MINUS-N-SS_OPV/MINUS -N-NGS_OPV/MINUS-P-SS_OPV/MINUS -P-NGS_OPV/MINUS-K-SS_OPV/MINUS -K-NGS_OPV/NPK+SMM-SS_OPV/NPK+SMM-NGS_OPV,12,FALSE,"",""
CJ0132,Control-OF,1,TRUE,Jabesh,""
CJ0133,0_NPS_Gudene/102.15_NPS_Gudene/136.2_NPS_Gudene/181.6_NPS_Gudene/227_NPS_Gudene/283.75_NPS_Gudene/0_NPS_Local/102.15_NPS_Local/136.2_NPS_Local/181.6_NPS_Local/227_NPS_Local/283.75_NPS_Local,12,FALSE,"",""
CJ0136,V2T1/V2T2/V2T3/V2T4,4,FALSE,"",""
CJ0138,Control Kandi/Mineral Fertilizer Kandi/CP1 Kandi/CP2 Kandi/TP1 Kandi/TP2 Kandi/CP1-1 Kandi/CP2-1 Kandi/TP1-1 Kandi/TP2-1 Kandi,10,FALSE,"",""
CJ0139,CT_Alem Boset/RT-R_Alem Boset/RT+R_Alem Boset/NT_Alem Boset/CT_Minjar Boset/RT-R_Minjar Boset/RT+R_Minjar Boset/NT_Minjar Boset,8,FALSE,"",""
CJ0142,10 t ha−1 Ti + 10 kg ha−1 Zn (T7),1,FALSE,"",""
CJ0146,Control-embu/Fert-Embu,2,FALSE,"",""
CJ0153,Control_GZ10154/55N_GZ10154/110N_GZ10154/165N_GZ10154/220N_GZ10154/Control_GZ9399/55N_GZ9399/110N_GZ9399/165N_GZ9399/220N_GZ9399/Control_Sakha 108/55N_Sakha 108/110N_Sakha 108/165N_Sakha 108/220N_Sakha 108,15,FALSE,"",""
CJ0156,Super P_Soil_S_107/Nano P_Spray_S_107/Super P_Spray_S_107/Control_S_107/Super P_Soil_G_177/Nano P_Spray_G_177/Super P_Spray_G_177/Control_G_177/Super P_Soil_G_179/Nano P_Spray_G_179/Super P_Spray_G_179,11,FALSE,"",""
CJ0158,Control_Giza-32/72N_Giza-32/108N_Giza-32/144N_Giza-32/Control_Sohag-1/72N_Sohag-1/108N_Sohag-1/144N_Sohag-1,8,FALSE,"",""
CJ0168,T1 FARO52/T2 FARO52/T3 FARO52/T4 FARO52/T5 FARO52/T6 FARO52/T7 FARO52/T8 FARO52/T9 FARO52/T10 FARO52/T11 FARO52/T12 FARO52/T13 FARO52/T14 FARO52/T15 FARO52/T16 FARO52/T17 FARO52/T18 FARO52/T19 FARO52/T20 FARO52,20,FALSE,"",""
CJ0177,F25+Vicia villosa/F50+Vicia villosa/F75+Vicia villosa/F25+atropurpurea/F50+atropurpurea/F75+atropurpurea,6,TRUE,Jabesh,""
CJ0178,Hagere/HB-1307/Local,3,FALSE,"",""
CJ0179,Acc-051-02-sel-1-(2)/Acc-051-02-sel11--(1)/Acc-051-02-sel-14/Acc-111-840/Acc-202-374/Cross22XT-85(24-2)/Cross22XT-85(32-3)-sel-4/Hirhir/NN-038/Serkamo white/Tate,11,FALSE,"",""
CJ0183,0N_Gudane/100N_Gudane/150N_Gudane/200N_Gudane/0N_Wabi/100N_Wabi/150N_Wabi/200N_Wabi,8,FALSE,"",""
CJ0185,C2_007-03_N0D1/C2_007-03_N1D1/C2_007-03_N2D1/C2_007-03_N0D2/C2_007-03_N1D2/C2_007-03_N2D2/C2_075-15_N0D1/C2_075-15_N1D1/C2_075-15_N2D1/C2_075-15_N0D2/C2_075-15_N1D2/C2_075-15_N2D2/FADDA_N0D1/FADDA_N1D1/FADDA_N2D1/FADDA_N0D2/FADDA_N1D2/FADDA_N2D2/GRINKAN_N0D1/GRINKAN_N1D1/GRINKAN_N2D1/GRINKAN_N0D2/GRINKAN_N1D2/GRINKAN_N2D2/PABLO_N0D1/PABLO_N1D1/PABLO_N2D1/PABLO_N0D2/PABLO_N1D2/PABLO_N2D2/SOUMBA_N0D1/SOUMBA_N1D1/SOUMBA_N2D1/SOUMBA_N0D2/SOUMBA_N1D2/SOUMBA_N2D2/TIEBILE_N0D1/TIEBILE_N1D1/TIEBILE_N2D1/TIEBILE_N0D2/TIEBILE_N1D2/TIEBILE_N2D2,42,FALSE,"",""
CJ0191,IBIM/LBIM,2,FALSE,"",""
CJ0192,Control_M/23N_M/46N_M/69N_M/92N_M,5,FALSE,"",""
CJ0194,IT 97K-390-2/IT 18/IT 16/IT 99K-494-6/Mtilane,5,FALSE,"",""
CJ0196,ILRI 9334/ILRI 11114/ILRI 12688/ILRI 12713/Kenkety/Black eye bean/IT92KD258-9/ILRI 9334_Fert/ILRI 11114_Fert/ILRI 12688_Fert/ILRI 12713_Fert/Kenkety_Fert/Black eye bean_Fert/IT92KD258-9_Fert,14,FALSE,"",""
CJ0199,Meru H513_NP_DAP/Meru H513_NP_Mijingu/Meru H513_control-1/Meru H515_NP_DAP/Meru H515_NP_Mijingu/Meru H515_control-1/NATA H105_NP_DAP/NATA H105_NP_Mijingu/NATA H105_control-1/SC627_NP_DAP/SC627_NP_Mijingu/SC627_control-1,12,FALSE,"",""
CJ0202,Control_Nkatie/30P_Nkatie/60P_Nkatie/3IR30P_Nkatie/3IR60P_Nkatie/3IR_Nkatie/6IR_Nkatie/6IR30P_Nkatie,8,FALSE,"",""
DM0004,P + IF + GB - M +,1,TRUE,Jabesh,""
DM0011,IR variety 0N/IR variety 60N,2,FALSE,"",""
DM0028,Sole Maize V2/Int Maize V2,2,FALSE,"",""
HK0157,alley L/alley S +NPK/alley S +NPK>>NPK2/alley L CP,4,FALSE,"",""
HK0161.2,(Ibadan)- Grain soybean_1999/(Ibadan)- Grain soybean_2001/(Ibadan)- Grain soybean_2003/(Zaria)- Grain soybean_1999/(Zaria)- Grain soybean_2001/(Zaria)- Grain soybean_2003/(Ibadan)- Maize + P.phaseoloides_2000+ no-N/(Ibadan)- Maize + Aeschynomene histrix_2000+ no-N/(Ibadan)- Maize + Stylosanthes guianensis_2000+ no-N/(Ibadan)- Maize + P.phaseoloides_2002+ no-N/(Ibadan)- Maize + Aeschynomene histrix_2002+ no-N/(Ibadan)- Maize + Stylosanthes guianensis_2002+ no-N/(Ibadan)- Maize + P.phaseoloides_2004+ no-N/(Ibadan)- Maize + Aeschynomene histrix_2004+ no-N/(Ibadan)- Maize + Stylosanthes guianensis_2004+ no-N/(Zaria)- Maize + P.phaseoloides_2000+ no-N/(Zaria)- Maize + Aeschynomene histrix_2000+ no-N/(Zaria)- Maize + Stylosanthes guianensis_2000+ no-N/(Zaria)- Maize + P.phaseoloides_2002+ no-N/(Zaria)- Maize + Aeschynomene histrix_2002+ no-N/(Zaria)- Maize + Stylosanthes guianensis_2002+ no-N/(Zaria)- Maize + P.phaseoloides_2004+ no-N/(Zaria)- Maize + Aeschynomene histrix_2004+ no-N/(Zaria)- Maize + Stylosanthes guianensis_2004+ no-N,24,FALSE,"",""
HK0227,CB sole + CC No Manure/CB sole + CS No Manure/CB sole + LD No Manure/CB sole + SS No Manure/CB sole + LL No Manure,5,FALSE,"",""
HK0274,Matiza 0 M 0 F,1,FALSE,"",""
JO0001,Sammaz/Obatanpa/Sammaz Int/Obatanpa Int,4,FALSE,"",""
JO0002,No lime Min Til Cal-2/No lime Trad Til Cal-2/No lime Min Til Cal-49/No lime Trad Til Cal-49,4,FALSE,"",""
JO0003,C2+0N+0W/C2+30N+0W/C2+60N+0W/C2+90N+0W/C2+0N+LW/C2+30N+ LW/C2+60N+ LW/C2+90N+ LW/C2+0N+HW/C2+30N+ HW/C2+60N+ HW/C2+90N+ HW/SR+0N+0W/SR+30N+0W/SR+60N+0W/SR+90N+0W/SR+0N+L W/SR+30N+ L W/SR+60N+ L W/SR+90N+ L W/SR+0N+HW/SR+30N+ HW/SR+60N+ HW/SR+90N+ HW/ACR+0N+0W/ACR+30N+0W/ACR+60N+0W/ACR+90N+0W/ACR+0N+LW/ACR+30N+ LW/ACR+60N+ LW/ACR+90N+ LW/ACR+0N+HW/ACR+30N+ HW/ACR+60N+ HW/ACR+90N+ HW,36,FALSE,"",""
JO0005,MONO SER83/INT SER83,2,FALSE,"",""
JO0008,Carrot-2016-TA-+MANURE/Carrot-2016-TT+MANURE/Onion-2016-TA-+MANURE/Onion-2016-TT+MANURE,4,FALSE,Jabesh,This is correct
JO0015.1,ZM309/ZM523/DKC 9089/DKC 8053/MH 30/PAN 53/SC 719,7,FALSE,"",""
JO0016.1,INT_RT_0N_INC/INT_RT_20N_INC/INT_RT_40N_INC,3,FALSE,"",""
JO0016.2,RT_0N_INC/RT_20N_INC/RT_40N_INC/RT_0N_0/RT_20N_0/RT_40N_0,6,FALSE,"",""
JO0024,DO_MZ_NTM/DO_MZ_CAR/DO_MZ_CTR/DO_PP_CAR_INT/DO_CB_CAR,5,FALSE,Jabesh,This is correct
JO0026,M Rot,1,FALSE,Jabesh,This is correct
JO0027,Maize  0N 3 4/Maize  0N 4 6/Maize  0N,3,FALSE,"",""
JO0032,Sz WAP 2/Sz WAP 3/Sz WAP 4/Sz WAP 5/Sz WAP 6/Sz  Control,6,FALSE,"",""
JO0035,mmSCM-DS,1,FALSE,"",""
JO0042,LR-CP-Sole (+N)/LR-CP-Sole (-N)/LR_CP_INT,3,FALSE,"",""
JO0057,Maize INT,1,FALSE,"",""
JO0060,ENDU_INT_0/ENDU_INT_2/ENDU_INT_Full/GL_INT_0/GL_INT_2/GL_INT_Full/BUNY_INT_0/BUNY_INT_2/BUNY_INT_Full/ENDU_MONO_0/ENDU_MONO_2/ENDU_MONO_Full/GL_MONO_0/GL_MONO_2/GL_MONO_Full/BUNY_MONO_0/BUNY_MONO_2/BUNY_MONO_Full/BAMB_INT,19,FALSE,"",""
JO0064,NABE_8C_PRU/NABE_8C_UNPRU/NABE_12C_PRU/NABE_12C_UNPRU/NABE_8C_MONO/NABE_12C_MONO,6,FALSE,"",""
JO0065,Soumba-Control/Soumba-CM100/Soumba-CM100+DAP3/Soumba-CM50+PM50/Soumba-DAP3/Soumba-DAP41-46-0/Soumba-PM100/Soumba-PM150/Soumba-PM50/Soumba-PM100+DAP3/Tieble-Control/Tieble-CM100/Tieble-CM100+DAP3/Tieble-CM50+PM50/Tieble-DAP3/Tieble-DAP41-46-0/Tieble-PM100/Tieble-PM150/Tieble-PM50/Tieble-PM100+DAP3,20,FALSE,"",""
JO0066,2-A/2-B/2-C/2-D/3-A/3-B/3-C/3-D/4-A/4-B/4-C/4-D/5-A/5-B/5-C/5-D/6-A/6-B/6-C/6-D/7-A/7-B/7-C/7-D/8-A/8-B/8-C/8-D/9-A/9-B/9-C/9-D/10-A/10-B/10-C/10-D/11-A/11-B/11-C/11-D/12-A/12-B/12-C/12-D/13-A/13-B/13-C/13-D/14-A/14-B/14-C/14-D/15-A/15-B/15-C/15-D/16-A/16-B/16-C/16-D/17-A/17-B/17-C/17-D/18-A/18-B/18-C/18-D/19-A/19-B/19-C/19-D/20-A/20-B/20-C/20-D/21-A/21-B/21-C/21-D/22-A/22-B/22-C/22-D/23-A/23-B/23-C/23-D/24-A/24-B/24-C/24-D/25-A/25-B/25-C/25-D/26-A/26-B/26-C/26-D/27-A/27-B/27-C/27-D/28-A/28-B/28-C/28-D/29-A/29-B/29-C/29-D/30-A/30-B/30-C/30-D/31-A/31-B/31-C/31-D/32-A/32-B/32-C/32-D/33-A/33-B/33-C/33-D/34-A/34-B/34-C/34-D/35-A/35-B/35-C/35-D/36-A/36-B/36-C/36-D/37-A/37-B/37-C/37-D/38-A/38-B/38-C/38-D/39-A/39-B/39-C/39-D/40-A/40-B/40-C/40-D,156,FALSE,"",""
JO0073,Mono-New Kaduma/Mono-ICPL 161/Mono-ICPL 85063/Mono-ICP 7120/Mono-ICPL 87119/Mono-Nsukka/Int-New Kaduma/Int-ICPL 161/Int-ICPL 85063/Int-ICP 7120/Int-ICPL 87119/Int-Nsukka,12,FALSE,"",""
JO0080,TP-R3-CON/SU-R3-CON,2,FALSE,"",""
JO0082,MONO-CP-NONE/INT-CP-NONE,2,FALSE,"",""
JO0085,Caiano(+P)/Aztecao(+P)/Maia(+P)/Palha Roxa(+P)/Arnarelao(+P)/Carioca(+P)/Branco Gelinski(+P)/Cunha(+P)/14 variedades(+P)/Planalto(+P)/Caiano 2(+P)/Amarelao(+P)/AL 30(+P)/STO509(+P)/ST2109(+P)/ST1309(+P)/ST0504(+P)/Caiano(-P)/Aztecao(-P)/Maia(-P)/Palha Roxa(-P)/Arnarelao(-P)/Carioca(-P)/Branco Gelinski(-P)/Cunha(-P)/14 variedades(-P)/Planalto(-P)/Caiano 2(-P)/Amarelao(-P)/AL 30(-P)/STO509(-P)/ST2109(-P)/ST1309(-P)/ST0504(-P),34,FALSE,"",""
JO0086,NT-SB-0N/CT-SB-0N,2,FALSE,"",""
JO0088,SV1-SC-0/SV1-SC-5/SV1-SC-10/SV1- SC-20/SV1-SC-30/SV1-TC-0/SV1-TC-5/SV1-TC-10/SV1- TC-20/SV1-TC-30/SV1-IPs-0/SV1-IPs-5/SV1-IPs-10/SV1- IPs-20/SV1-IPs-30,15,FALSE,"",""
JO0090,A67-Bf/A67-Bh/B67-Gf/B67-Gh/C67-Mf/C67-Mh/D67-Tf/D67-Th/E67-Af/E67-Ah/F67-Vf/E67-Vh/F67-Sf/F67-Sh/G67-Mf/G67-Mh/M-P67-MM-MZ-F Fz/M-P67-INT-MZ-F Fz/M-INT-PP-H Fz/M-INT-PP-0 Fz/M-P53-INT-MZ-0 Fz/M-P67-INT-MZ-0 Fz,22,FALSE,"",""
JO0093,614-Control/614-Fert 120N/614-Fert 120N0+10P/614-Fert 120N+25P/614-Fert 120N+50P/614-Fert 120N+150P/614-Calliandra/614-Senna/614-Croton/614-Lantana/614-Sesbania/614-Tithonia,12,FALSE,"",""
JO0095,IB-CB 0F Cn+UNi/IB-CB-10P+UNi/IB-CB-20P+UNi/IB-CB-30P+UNi/IB-CB 0F Cn+HB-429/IB-CB-10P+HB-429/IB-CB-20P+HB-429/IB-CB-30P+HB-429/IB-CB 0F Cn+GT-9/IB-CB-10P+GT-9/IB-CB-20P+GT-9/IB-CB-30P+GT-9,12,FALSE,"",""
JO0100,NTOP50NG V/NTOP50G V/NTOP75NG V/NTOP75G V/NTH50NG/NTH50NG V/NTH50G/NTH50G V/NTH75NG/NTH75NG V/NTH75G/NTH75G V/HHOP50NG V/HHOP50G V/HHOP75NG V/HHOP75G V/HHH50NG/HHH50NG V/HHH50G/HHH50G V/HHH75NG/HHH75NG V/HHH75G/HHH75G V,24,FALSE,"",""
JO0101,MONO-Deber,1,FALSE,"",""
JO0105,Bo-V2-CON-E1/Bo-V2-D2-E1/Bo-V2-D3-E1/Bo-V2-D4-E1/Bo-V2-D5-E1/Bo-V2-D6-E1/Bo-V2-D7-E1/Bo-V2-D8-E1/Bo-V3-CON-E1/Bo-V3-D2-E1/Bo-V3-D3-E1/Bo-V3-D4-E1/Bo-V3-D5-E1/Bo-V3-D6-E1/Bo-V3-D7-E1/Bo-V3-D8-E1/Bo-V4-CON-E1/Bo-V4-D2-E1/Bo-V4-D3-E1/Bo-V4-D4-E1/Bo-V4-D5-E1/Bo-V4-D6-E1/Bo-V4-D7-E1/Bo-V4-D8-E1/Si-V1-CON-E1/Si-V1-D2-E1/Si-V1-D3-E1/Si-V1-D4-E1/Si-V1-D5-E1/Si-V1-D6-E1/Si-V1-D7-E1/Si-V1-D8-E1/Si-V2-CON-E1/Si-V2-D2-E1/Si-V2-D3-E1/Si-V2-D4-E1/Si-V2-D5-E1/Si-V2-D6-E1/Si-V2-D7-E1/Si-V2-D8-E1/Si-V3-CON-E1/Si-V3-D2-E1/Si-V3-D3-E1/Si-V3-D4-E1/Si-V3-D5-E1/Si-V3-D6-E1/Si-V3-D7-E1/Si-V3-D8-E1/Si-V4-CON-E1/Si-V4-D2-E1/Si-V4-D3-E1/Si-V4-D4-E1/Si-V4-D5-E1/Si-V4-D6-E1/Si-V4-D7-E1/Si-V4-D8-E1/Ba-V1-CON-E1/Ba-V2-CON-E1/Ba-V2-D2-E1/Ba-V2-D3-E1/Ba-V2-D4-E1/Ba-V2-D5-E1/Ba-V2-D6-E1/Ba-V2-D7-E1/Ba-V2-D8-E1/Ba-V3-CON-E1/Ba-V3-D2-E1/Ba-V3-D3-E1/Ba-V3-D4-E1/Ba-V3-D5-E1/Ba-V3-D6-E1/Ba-V3-D7-E1/Ba-V3-D8-E1/Ba-V4-CON-E1/Ba-V4-D2-E1/Ba-V4-D3-E1/Ba-V4-D4-E1/Ba-V4-D5-E1/Ba-V4-D6-E1/Ba-V4-D7-E1/Ba-V4-D8-E1/Ni-V1-CON-E1/Ni-V2-CON-E1/Ni-V2-D2-E1/Ni-V2-D3-E1/Ni-V2-D4-E1/Ni-V2-D5-E1/Ni-V2-D6-E1/Ni-V2-D7-E1/Ni-V2-D8-E1/Ni-V3-CON-E1/Ni-V3-D2-E1/Ni-V3-D3-E1/Ni-V3-D4-E1/Ni-V3-D5-E1/Ni-V3-D6-E1/Ni-V3-D7-E1/Ni-V3-D8-E1/Ni-V4-CON-E1/Ni-V4-D2-E1/Ni-V4-D3-E1/Ni-V4-D4-E1/Ni-V4-D5-E1/Ni-V4-D6-E1/Ni-V4-D7-E1/Ni-V4-D8-E1/Bo-V2-CON-E2/Bo-V2-D2-E2/Bo-V2-D3-E2/Bo-V2-D4-E2/Bo-V2-D5-E2/Bo-V2-D6-E2/Bo-V2-D7-E2/Bo-V2-D8-E2/Bo-V3-CON-E2/Bo-V3-D2-E2/Bo-V3-D3-E2/Bo-V3-D4-E2/Bo-V3-D5-E2/Bo-V3-D6-E2/Bo-V3-D7-E2/Bo-V3-D8-E2/Bo-V4-CON-E2/Bo-V4-D2-E2/Bo-V4-D3-E2/Bo-V4-D4-E2/Bo-V4-D5-E2/Bo-V4-D6-E2/Bo-V4-D7-E2/Bo-V4-D8-E2/Si-V1-CON-E2/Si-V1-D2-E2/Si-V1-D3-E2/Si-V1-D4-E2/Si-V1-D5-E2/Si-V1-D6-E2/Si-V1-D7-E2/Si-V1-D8-E2/Si-V2-CON-E2/Si-V2-D2-E2/Si-V2-D3-E2/Si-V2-D4-E2/Si-V2-D5-E2/Si-V2-D6-E2/Si-V2-D7-E2/Si-V2-D8-E2/Si-V3-CON-E2/Si-V3-D2-E2/Si-V3-D3-E2/Si-V3-D4-E2/Si-V3-D5-E2/Si-V3-D6-E2/Si-V3-D7-E2/Si-V3-D8-E2/Si-V4-CON-E2/Si-V4-D2-E2/Si-V4-D3-E2/Si-V4-D4-E2/Si-V4-D5-E2/Si-V4-D6-E2/Si-V4-D7-E2/Si-V4-D8-E2/Ba-V1-CON-E2/Ba-V2-CON-E2/Ba-V2-D2-E2/Ba-V2-D3-E2/Ba-V2-D4-E2/Ba-V2-D5-E2/Ba-V2-D6-E2/Ba-V2-D7-E2/Ba-V2-D8-E2/Ba-V3-CON-E2/Ba-V3-D2-E2/Ba-V3-D3-E2/Ba-V3-D4-E2/Ba-V3-D5-E2/Ba-V3-D6-E2/Ba-V3-D7-E2/Ba-V3-D8-E2/Ba-V4-CON-E2/Ba-V4-D2-E2/Ba-V4-D3-E2/Ba-V4-D4-E2/Ba-V4-D5-E2/Ba-V4-D6-E2/Ba-V4-D7-E2/Ba-V4-D8-E2/Ni-V1-CON-E2/Ni-V2-CON-E2/Ni-V2-D2-E2/Ni-V2-D3-E2/Ni-V2-D4-E2/Ni-V2-D5-E2/Ni-V2-D6-E2/Ni-V2-D7-E2/Ni-V2-D8-E2/Ni-V3-CON-E2/Ni-V3-D2-E2/Ni-V3-D3-E2/Ni-V3-D4-E2/Ni-V3-D5-E2/Ni-V3-D6-E2/Ni-V3-D7-E2/Ni-V3-D8-E2/Ni-V4-CON-E2/Ni-V4-D2-E2/Ni-V4-D3-E2/Ni-V4-D4-E2/Ni-V4-D5-E2/Ni-V4-D6-E2/Ni-V4-D7-E2/Ni-V4-D8-E2,212,FALSE,"",""
JO0109,BH661-Control/BH661-PK-FERT/BH661-NK-FERT/BH661-NP-FERT/BH661-NPK-FERT/BH661-NPKSM/BH540-Control/BH540-PK-FERT/BH540-NK-FERT/BH540-NP-FERT/BH540-NPK-FERT/BH540-NPKSM,12,FALSE,"",""
JO0111,BRS4157-Control/BRS4157-N40/BRS4157-N80/BRS1030-Control/BRS1030-N40/BRS1030-N80/BRS1010-Control/BRS1010-N40/BRS1010-N80/BRS1030-Control at RJ/BRS1030-N40 at RJ/BRS1030-N80 at RJ,12,FALSE,"",""
JO0115,Control Monarch/NPS-50 Monarch/NPS-100 Monarch/NPS-150 Monarch/NPS-200 Monarch/Control Nafis/NPS-50 Nafis/NPS-100 Nafis/NPS-150 Nafis/NPS-200 Nafis,10,FALSE,"",""
JO0116,Kenya White_Control/Kenya White_NPK-450/Kenya White_Manure-6t/Kenya White_Manure-3t+225NPK/Kenya White_Manure-4.5t+112.5NPK/Lamngititi_Control/Lamngititi_NPK-450/Lamngititi_Manure-6t/Lamngititi_Manure-3t+225NPK/Lamngititi_Manure-4.5t+112.5NPK,10,FALSE,"",""
JO0120,2_CT_M0_2W/2_CT_M0_4W/2_CT_M0_FW,3,FALSE,Jabesh,This is correct
JO0122,GEB-R+F0+W2/GEB-R+F0+W1/GEB-B+F0+W1/HUL-R+F0+W2/HUL-R+F0+W1/HUL-B+F0+W2/HUL-B+F0+W1,7,FALSE,Jabesh,This is correct
JO0131,Calland-MONO/Clark 63-MONO/Columbus-MONO/Corsory 79-MONO/Crawford-MONO/Cutler 71-MONO/MD 71-583-MONO/MD-77-5675-MONO/Pella-MONO/Union-MONO/Woodworth Black-MONO/C 13-MONO/C 17-MONO/C 24-MONO/C 32-MONO/Giza 82-MONO/Giza 83-MONO/Giza 111-MONO/Calland-2-2/Clark 63-2-2/Columbus-2-2/Corsory 79-2-2/Crawford-2-2/Cutler 71-2-2/MD 71-583-2-2/MD-77-5675-2-2/Pella-2-2/Union-2-2/Woodworth Black-2-2/C 11-2-2/C 13-2-2/C 17-2-2/C 24-2-2/C 32-2-2/Giza 82-2-2/Giza 83-2-2/Giza 111-2-2/Calland-140/Clark 63-140/Columbus-140/Corsory 79-140/Crawford-140/Cutler 71-140/MD 71-583-140/MD-77-5675-140/Pella-140/Union-140/Woodworth Black-140/C 11-140/C 13-140/C 17-140/C 24-140/C 32-140/Giza 82-140/Giza 83-140/Giza 111-140,56,FALSE,"",""
JO0142,E_T2_9_F0/E_T2_9_F1/E_T2_9_F2/E_T2_9_F3/E_T2_11_F0/E_T2_11_F1/E_T2_11_F2/E_T2_11_F3/E_T2_13_F0/E_T2_13_F1/E_T2_13_F2/E_T2_13_F3/M_T2_9_F0/M_T2_9_F1/M_T2_9_F2/M_T2_9_F3/M_T2_11_F0/M_T2_11_F1/M_T2_11_F2/M_T2_11_F3/M_T2_13_F0/M_T2_13_F1/M_T2_13_F2/M_T2_13_F3/L_T2_9_F0/L_T2_9_F1/L_T2_9_F2/L_T2_9_F3/L_T2_11_F0/L_T2_11_F1/L_T2_11_F2/L_T2_11_F3/L_T2_13_F0/L_T2_13_F1/L_T2_13_F2/L_T2_13_F3,36,FALSE,"",""
JO0143,2018-INT-CP/2018-INT-GRM/2018-INT-CB,3,FALSE,"",""
JO0145,IP-SV1-0/IP-SV1-5/IP-SV1-10/IP-SV1-20/IP-SV1-30/TC-SV1- 0/TC-SV1-5/TC-SV1-10/TC-SV1-20/TC-SV1-30/SC-SV1-0/SC-SV1-5/SC-SV1-10/SC-SV1-20/SC-SV1-30,15,FALSE,"",""
JO0147,TGx 1440-1E-CON_2015/TGx 1740-2F-CON_2015/TGx 1987-62F-CON_2015/TGx 1835-10E-CON_2015/TGx 1440-1E-AL-B_2015/TGx 1740-2F-AL-B_2015/TGx 1987-62F-AL-B_2015/TGx 1835-10E-AL-B_2015/TGx 1448-2E-OG-F_2015/TGx 1740-2F-OG-F_2015/TGx 1987-62F-OG-F_2015/TGx 1835-10E-OG-F_2015/TGx 1448-2E-GWY_2015/TGx 1740-2F-GWY_2015/TGx 1987-62F-GWY_2015/TGx 1835-10E-GWY_2015/TGx 1440-1E-CON_2016/TGx 1740-2F-CON_2016/TGx 1987-62F-CON_2016/TGx 1835-10E-CON_2016/TGx 1440-1E-AL-B_2016/TGx 1740-2F-AL-B_2016/TGx 1987-62F-AL-B_2016/TGx 1835-10E-AL-B_2016/TGx 1440-1E-OG-F_2016/TGx 1740-2F-OG-F_2016/TGx 1987-62F-OG-F_2016/TGx 1835-10E-OG-F_2016/TGx 1440-1E-GWY_2016/TGx 1740-2F-GWY_2016/TGx 1987-62F-GWY_2016/TGx 1835-10E-GWY_2016,32,FALSE,"",""
JO0156,Degage-Rid-10/Degage-Rid-15/Degage-Bay-10/Degage-Bay-15/Degage-0Chem/Gora-Rid-10/Gora-Rid-15/Gora-Bay-10/Gora-Bay-15/Gora-0Chem,10,FALSE,"",""
JO0165,Moufida-N-0/Moufida-N-30/Moufida-N-60/Moufida-N-90/Alia-N-0/Alia-N-30/Alia-N-60/Alia-N-90/Adila-N-0/Adila-N-30/Adila-N-60/Adila-N-90/Lila-N-0/Lila-N-30/Lila-N-60/Lila-N-90,16,FALSE,"",""
JO0168,IT07K-274-2-9/MBR II/IT07K-211-1-8/IT08K-193-15/IT07K-297-3/Titinwa/ACC004/IT08K-180-11,8,FALSE,"",""
JO0172,INT-FG+Yeast/INT-LP+Yeast/INT-GLC+Yeast/MONO-FB+Yeast/INT-FB+Yeast/MONO-FG+Yeast/MONO-LP+Yeast/MONO-GLC+Yeast,8,FALSE,Jabesh,This is correct
JO0173,0N-DTN/0N-SW Makarfi 2006/0N- SW Dansadao 2007/40N-DTN/40N-SW Makarfi 2006/40N- SW Dansadao 2007/80N-DTN/80N-SW Makarfi 2006/80N- SW Dansadao 2007/120N-DTN/120N-SW Makarfi 2006/120N- SW Dansadao 2007/160N-DTN/160N-SW Makarfi 2006/160N- SW Dansadao 2007,15,FALSE,"",""
JO0175,Asgori/Walankomi/Magna/Menagesha/Melko/Gibe/DZ/01/974 Dukem/Ziqala/Koye/Quncho/Tseday/Gerado/Kaytena/Kora/Simada/Boset/Gimbichu/Amarach/Holeta Key/Ambotoke/Gamechis/Gola/Genete/Zobel/Mechare/Lakech/Yilmana/Etsub/Dima/Guduru/Kena/Ajora/Degalef/Workiye/Local,35,FALSE,"",""
JO0176,90-INT-Lana/90-INT-Gebisa/90-INT-Lalisa/120-INT-Lana/120-INT-Gebisa/120-INT-Lalisa,6,FALSE,"",""
JO0184,AVON1073/AVON1074/AVON1308/AVON1310/AVON1314/AVON1317/AVON1325/Gebugo,8,FALSE,"",""
JO0186,2E-AMF0-0P/2E-AMF1-0P/2E-AMF2-0P/2E-AMF3-0P/2E-AMF0-20P/2E-AMF1-20P/2E-AMF2-20P/2E-AMF3-20P/2E-AMF0-40P/2E-AMF1-40P/2E-AMF2-40P/2E-AMF3-40P,12,FALSE,"",""
JO0187,HM-F2-v1/LM-F2-v1/LM-F0-v2/HM-F0-v2/HM-F1-v2/HM-F2-v2/LC-F0-v2/HC-F0-v2/HC-F1-v2/HC-F2-v2/LM-F1-v2/LM-F2-v2/LM-F0-v3/HM-F0-v3/HM-F1-v3/HM-F2-v3/LC-F0-v3/HC-F0-v3/HC-F1-v3/HC-F2-v3/LM-F1-v3/LM-F2-v3,22,FALSE,"",""
JO0190,2-TDr2484-YF0/2-TDr1499-YF0/2-TDr2484-YF/2-TDr1499-YF,4,FALSE,Jabesh,This is correct
JO0193,EDTA+T1 BN/EDTA+T2 BN/EDTA+T3 BN/EDTA+T4 BN/EDTA+T5 BN/EDTA+T1 AA/EDTA+T2 AA/EDTA+T3 AA/EDTA+T4 AA/EDTA+T5 AA/EDTA+T1 CL/EDTA+T2 CL/EDTA+T3 CL/EDTA+T4 CL/EDTA+T5 CL,15,FALSE,"",""
JO0197,Seguifa 40p/ha/Seguifa 66p/ha + fert/Yelimane 2/Yelimane 3/Same,5,FALSE,"",""
JO0198,Mkombozi 0P/Mkombozi 20P/Mkombozi 40P/Mwanaminzi 0P/Mwanaminzi 20P/Mwanaminzi 40P/Fumba chai 0P/Fumba chai 20P/Fumba chai 40P/MM98/3567 0P/MM98/3567 20P/MM98/3567 40P/Mkombozi 0P inoculated/Mkombozi 20P inoculated/Mkombozi 40P inoculated/Mwanaminzi 0P inoculated/Mwanaminzi 20P inoculated/Mwanaminzi 40P inoculated/Fumba chai 0P inoculated/Fumba chai 20P inoculated/Fumba chai 40P inoculated/MM98/3567 0P inoculated/MM98/3567 20P inoculated/MM98/3567 40P inoculated,24,FALSE,"",""
JO0201,B-S-Mulato II+0F/B-S-Mulatto I+0F/B-S-Marandu+0F/B-S-La liberated+0F/B-S-Mulato II+F/B-S-Mulatto I+F/B-S-Marandu+F/B-S-La liberated+F,8,FALSE,"",""
JO0202,SR34605-HB3446-3-1/SR34609-HB3483-78-1/SR34592-HB-1-HV-1/SR34598-HB-7-HV-1/SR34598-HB-8-HV-1/SR34054-1-12-4-3-2-2/SR34796-1-4-6-3-2-1/SR34796-1-15-7-5-4-1/SR34034F3-71-2-1-1-3/SR34042F3-22-1-1-5-3/SR34053(#5-52)-1-4-2-10-1-2/SR35274-5-1-1-2/SR35274-5-1-2-1/SR35250-2-15-2-2/Sahel 177/SR35250-2-19-3-1/SR35250-2-19-3-2/SR35266-2-4-1-1/SR35266-2-5-2-1/SR35266-2-5-3-1/SR35266-2-6-1-1/SR35266-2-11-1-1/SR35266-2-12-1-1/SR35266-2-12-4-1/SR35266-2-16-1-1/SR35266-2-18-3-1/Sahel 210/SR34590-HB3433-1-3-1/Arica 3/SR34590-HB3433-6-1-1/SR34590-HB3433-7-1-1/SR34590-HB3433-7-2-1/SR34590-HB3433-7-3-1/SR35230-1-12-1-1/SR35230-1-12-1-2/Sahel 134/SR35255-HB3409-11/Milyang23/SR35239-HB3403-78/SR34599-HB3474-20/SR34604-HB3479-10/SR35229-HB3400-47/SR35239-HB3403-14/Nerica 7/Nerica 3/Nerica 1/Macheke/Mhara 1,48,FALSE,"",""
JO0204,Aburohemaa/Akposoe/Dapango/Dorke/Etubi/Honampa/Mamaba/Obatanpa/Omankwa/PAN 12/PAN 53/Dormabin/Dzinu-Eve/Enibi/Keta 60,15,FALSE,"",""
JO0206,SC 128-Control/SC 128-NPK/SC 128-AA/SC 128-YE/SC 128-NPK+AA+YE/SC 131-Control/SC 131-NPK/SC 131-AA/SC 131-YE/SC 131-NPK+AA+YE,10,FALSE,"",""
JO0207,FW_OF_TZPBSR_W/FW_50N_TZPBSR_W/FW_100N_TZPBSR_W/FW_10TPC_TZPBSR_W/FW_50TPC_TZPBSR_W/FW_100TPC_TZPBSR_W/STR1_OF_TZPBSR_W/STR1_50N_TZPBSR_W/STR1_100N_TZPBSR_W/STR1_10TPC_TZPBSR_W/STR1_50TPC_TZPBSR_W/STR1_100TPC_TZPBSR_W/STR2_OF_TZPBSR_W/STR2_50N_TZPBSR_W/STR2_100N_TZPBSR_W/STR2_10TPC_TZPBSR_W/STR2_50TPC_TZPBSR_W/STR2_100TPC_TZPBSR_W,18,FALSE,"",""
JO0211,N26C-CON/N26C-M/N26C-M+TSP/N26C-TSP/N12C-CON/N12C-M/N12C-M+TSP/N12C-TSP/N10C-CON/N10C-M/N10C-M+TSP/N10C-TSP/KAT-CON/KAT-M/KAT-M+TSP/KAT-TSP,16,FALSE,"",""
JO0216,0-0-IAC/0-1100-IAC/0-2700-IAC/0-4300-IAC/2100-0-IAC/2100-1100-IAC/2100-2700-IAC/2100-4300-IAC/0-0-PER/0-1100-PER/0-2700-PER/0-4300-PER/2100-0-PER/2100-1100-PER/2100-2700-PER/2100-4300-PER,16,FALSE,"",""
JO0217,Mi n Le W Y CON/Mi n Le W Y ORG-LOL/Mi n Le W Y MIN/Mi n Le W Y MINORG-LOL/Mi n Le W Y ORG-TIEN/Mi n Le W Y MINORG-TIEN/Mi n Le W Y ORG-MID/Mi n Le W Y MINORG-MID/Mi n Le W Y ORG-LEO/Mi n Le W Y MINORG-LEO,10,FALSE,"",""
JS0035,Gnut + ControlGnut +  NPKGnut +  NPK + CRGnut +  NPK + DGnut +  PKGnut +  PK + CPGnut +  PK + CRGnut +  PK + ME/Sorghum + ControlSorghum +  NPKSorghum +  NPK + CRSorghum +  NPK + DSorghum +  PKSorghum +  PK + CPSorghum +  PK + CRSorghum +  PK + ME/Maize + ControlMaize +  NPKMaize +  NPK + CRMaize +  NPK + DMaize +  PKMaize +  PK + CPMaize +  PK + CRMaize +  PK + ME,3,FALSE,"",Aggragated
JS0260,B-OTR-ORP +R/B-OTR-IFP +R/B-CTR-ORP +R/B-CTR-IFP +R,4,FALSE,"",""
JS0278,B-OTR-ORP +R/B-OTR-IFP +R/B-CTR-ORP +R/B-CTR-IFP +R,4,FALSE,"",""
JS0389,Control>>-CR/Control>>-CR+P/CR>>2t mulch/CR>>2t inc/CR>>2t ash/CR>>2t mulch +P/CR>>2t inc +P/CR>>2t ash +P/CR>>6t mulch +P/CR>>6t inc +P/Control>>ExpII mulch/Control>>ExpII inc/Control>>ExpII ash/CR>>ExpII mulch/CR>>ExpII inc/CR>>ExpII ash/CR>>ExpII mulch +K/CR>>ExpII inc +K/CR>>ExpII ash +K/Control>>-CR+K,20,FALSE,Jabesh,Delimitter issue
JS0411,sole havea double,1,FALSE,"",""
JS0433,82-M-F1-A>>82-M-F1-A+Fert/82-M-F2-A>>82-M-F2-A+Fert/82-M-F1-A>>82-M-F1-A+Fert-85/82-M-F2-A>>82-M-F2-A+Fert-85/CP-INT/82-M-F1-A+Fert-85>>82-M-F1-A+Fert-85+T-86-92/82-M-F2-A+Fert-85>>82-M-F2-A+Fert-85+T-86-92/Till-CP-INT,8,FALSE,"",""
LM0008,NG-NF-B/EV-NF-B/AN-NF-B,3,FALSE,Jabesh,This is correct
LM0061,CP No till + Pruning/CP Till + Pruning,2,FALSE,Jabesh,This is correct
LM0108,(cowpea) Tillage + residue removed + fertilizer 120N + 26P + 30K/(cowpea) No-tillage + residue removed + fertilizer 120N + 26P + 30K/(cowpea) No-tillage + residue returned + fertilizer 120N + 26P + 30K,3,FALSE,Jabesh,This is correct
LM0165,Biochar_sandy/sawdust_sandy/Manure_sandy/Tithonia_sandy/Control_sandy,5,FALSE,Jabesh,This is correct
LM0168,INT-MZ/INT-BN,2,FALSE,Jabesh,This is correct
LM0194,FP.30+Res/FP.60+Res/(Mz) CTMSr+CR.NY+P/(Mz) CTMSr+CR.NY+0N+P/(Mz) CTMSr-CR.NY+0N/FP.60-Res,6,FALSE,Jabesh,This is correct
LM0321,alley L/alley S +NPK/alley S +NPK>>NPK2/alley L CP,4,FALSE,"",""
NM0001,INT Coffee,1,FALSE,"",""
NM0003,Omankwa/Padituya/Nandanbaya,3,FALSE,"",""
NM0004,Sole Improved bean lyamungu 90/Local bean Mkanamna (Intercrop),2,FALSE,"",""
NM0012,"Rot,Maize, ZT, K/Rot,Maize, ZT, R/Rot,Maize, CT, K/Rot,Maize, CT, R/Rot,Wheat, ZT, K/Rot,Wheat, ZT, R/Rot,Wheat, CT, K/Rot,Wheat, CT, R",8,FALSE,Jabesh,This is correct
NM0013,GN JL24/GN Int JL24,2,FALSE,"",""
NM0016,SS 6336 RR (S)/BRS 360 RR (S)/BRS 1010 IPRO (S)/CD 150 (W)/TBIO Mestre (W)/TBIO Sintonia (W)/CD 384 HX (M)/DKB 285 PRO (M)/2B710 PW (M)/P 30F53 YH (M)/P3456 H (M),11,FALSE,"",""
NM0020,Maize 15/Maize 16/18/Maize 17,3,FALSE,"",""
NM0024,Control ATP-SR-Y/Control Tuxpeno/Phosphorus Alone Tuxpeno/Poultry manure alone Tuxpeno/S. spectabilis alone Tuxpeno/Lime Alone Tuxpeno/Phosphorus + Lime Tuxpeno/Phosporus + Poultry Tuxpeno/Phosphorus + S. spectabilis Tuxpeno/Lime + Poultry Tuxpeno/Lime + S.spectabilis Tuxpeno/Phosphorus + Lime + PoultryTuxpeno/Phosphorus + Lime + S.spectabilis Tuxpeno,13,FALSE,"",""
NM0032,SM MF (TR)/SP MF (TR)/M int MF (TR)/P int MF (TR)/SM RF (TR)/SP RF (TR)/M int RF (TR)/P int RF (TR)/SM MF (OR)/SP MF (OR)/M int MF (OR)/P int MF (OR)/SM RF (OR)/SP RF (OR)/M int RF (OR)/P int RF (OR)/SM MF  (F)/SP MF  (F)/M int MF  (F)/P int MF  (F)/SM RF  (F)/SP RF  (F)/M int RF  (F)/P int RF  (F),24,TRUE,Jabesh,""
NM0045,O int NT/O int (180) NT/O int CT/O int (180) CT,4,TRUE,Jabesh,""
NM0047,GM1 N0 I0 M/GM1 N0 I1 M/GM1 N1 I0 M/GM1 N1 I1 M,4,TRUE,Jabesh,""
NM0056,Control 80SP/60 80SP/120 80SP/180 80SP/240 80SP,5,FALSE,"",""
NM0057,Soybean 9/0/Soybean 0/1/Soybean 2/3/Soybean 3/4/G6 4/5 C/G9 4/5 C/No lime 4/5 C/G6 7/8 C/G9 7/8 C/No lime 7/8 C/S-A Lime b 4/5 C G0/S-A Lime b 7/8 C G0/Incorporated Lime 4/5 C G0/Incorporated Lime 7/8 C G0/G6 5/6 S/G9 5/6 S/No lime 5/6 S/G6 6/7 S/G9 6/7 S/No lime 6/7 S/S-A Lime b  5/6 SG0/S-A Lime b  6/7 SG0,22,FALSE,"",""
NM0070,SAB 0/SAB 10/SAB 20/SAB 30/SAB 40/AW 0/AW 10/AW 20/AW 30/AW 40,10,FALSE,"",""
NM0072,TBIO Sintonia_0/TBIO Sinuelo_0/TEC _0/TEC Vigore_0/TBIO Sintonia_60/TBIO Sinuelo_60/TEC _60/TEC Vigore_60/TBIO Sintonia_120/TBIO Sinuelo_120/TEC _120/TEC Vigore_120/TBIO Sintonia_180/TBIO Sinuelo_180/TEC_180/TEC Vigore_180,16,FALSE,"",""
NM0085,IWD_0/IWD_60/IWD_90/IWD_120/GH_0/GH_60/GH_90/GH_120/OBA_0/OBA_60/OBA_90/OBA_120/DT_0/DT_60/DT_90/DT_120/COM_0/COM_60/COM_90/COM_120,20,FALSE,"",""
NM0086,HOB_0/HOB_200/HOB_300/HOB_350/HOB_400,5,FALSE,"",""
NM0088,ZA_0/ZA_40/ZA_80/ZA_120,4,FALSE,"",""
NM0089,H_0/H_23/H_46/H_69/H_92,5,FALSE,"",""
NM0091,Gloria F1_S1/Gloria F1_S2/Gloria F1_S3/Gloria F1_S4/Triperio F1_S1/Triperio F1_S2/Triperio F1_S3/Triperio F1_S4,8,FALSE,"",""
NM0093,T0_OMS2cont,1,FALSE,Jabesh,This is correct
NM0094,L-Control/L-L/L-F/L-S/L-L + F/L-L + S/L-F + S/L-L + F + S,8,FALSE,"",""
NM0096,F1 Comet/Yellen/Longbec/Gombo nain/Clemson spineless/“Short” okra/F1 Kirikou,7,FALSE,"",""
NM0098,Control TG/P TG/N TG/P+N TG,4,FALSE,"",""
NM0099,ZA-0/ZA-40/ZA-80/ZA-120,4,FALSE,"",""
NM0100,Sherekea-Control/Sherekea-DAP/Sherekea-NM/Sherekea-MRV,4,FALSE,"",""
NM0101,R,1,FALSE,Jabesh,This is correct
NM0102,(T) IR H4/(U) IR H4/DT/TZL,4,FALSE,"",""
NM0103,(L-49) UDP/(L-49) MFP/(L-49) MD/(L-49) FP/(L-49) Control,5,FALSE,"",""
NM0113,Popcorn 2-SO/Popcorn 34-Y/Popcorn 37-Y/Popcorn 20-Y/Popcorn 44-Y/Popcorn 32-Y/Large Pearl Shaped/Popcorn 9-Y/Popcorn 66-Y/Popcorn 33-1-Y/Popcorn 40-Y/Popcorn 52-Y/Popcorn 36-Y/Popcorn 4-Y/Popcorn 3-Y/Popcorn- 18-Y/Popcorn-6-Y/Eruwa Local (Check),18,FALSE,"",""
NM0114,Tejareb kokit sel-3/UCR-82-14(N) 209/WARC -60 (Different)/GojamAzene Yohannes sel-1/Setit-1 (Standard check)/NN-027/Hir hir filweha large seeded/Tejareb girar/Acc -WW-001 (7)/Hir hir (Local check)/Hir hir kibebew Airless sel-1/Maru sel-1,12,FALSE,"",""
NM0115,Ervilha/PI527538/Cebo Cela/Amarelo Cela/Maalasa/Rozi Koko/Chijar/Vazon 7/PR0737-1/Kidungu/Uyole 96/Charlevoix/Selian 97/Sacramento/NABE-15/NABE-4/Masindi yellow,17,FALSE,"",""
NM0120,GN-2b2/GN-2b3/GN-3b3/WH-2b2/WH-2b3/WH-3b3,6,FALSE,"",""
NM0121.1,Exp1 Local 0F P1/Exp1 Local 0F P2/Exp1 Local 0F P3/Exp1 Local DAP P1/Exp1 Local DAP P2/Exp1 Local DAP P3/Exp1 Local 3NPK P1/Exp1 Local 3NPK P2/Exp1 Local 3NPK P3/Exp1 Local 6NPK P1/Exp1 Local 6NPK P2/Exp1 Local 6NPK P3/Exp2 Local 0F P1/Exp2 Local 0F P2/Exp2 Local 0F P3/Exp2 Local DAP P1/Exp2 Local DAP P2/Exp2 Local DAP P3/Exp2 Local 3NPK P1/Exp2 Local 3NPK P2/Exp2 Local 3NPK P3/Exp2 Local 6NPK P1/Exp2 Local 6NPK P2/Exp2 Local 6NPK P3,24,FALSE,"",""
NM0122,Giza 125-Normal/Giza 126-Normal/Giza 127-Normal/Giza 130-Normal/Giza 131-Normal/Giza 2000-Normal/ElArich-Normal/Ksar-Normal/Kebili 1-Normal/Tozeur -2-Normal/Kebili 3-Normal/Kairouan-Normal/Manel-Normal/Raihane-Normal/Sidi-Bou-Normal/Sabra-Normal/Tombari-Normal/Lemsi-Normal/Temacine-Normal/Ksar-Megrine-Normal/Techedrett-Normal/Saida-Normal/Sedi Mahdi-Normal/Ras El-Mouche-Normal/Naïlia-Normal/Adrar-Normal/Oussama-Normal/Amalou-Normal/Massine-Normal/Taffa-Normal/Firdaws-Normal/Amira-Normal/Tamellalet-Normal/Laanaceur-Normal/Giza 125-Stress/Giza 126-Stress/Giza 127-Stress/Giza 130-Stress/Giza 131-Stress/Giza 2000-Stress/ElArich-Stress/Ksar-Stress/Kebili 1-Stress/Tozeur -2-Stress/Kebili 3-Stress/Kairouan-Stress/Manel-Stress/Raihane-Stress/Sidi-Bou-Stress/Sabra-Stress/Tombari-Stress/Lemsi-Stress/Temacine-Stress/Ksar-Megrine-Stress/Techedrett-Stress/Saida-Stress/Sedi Mahdi-Stress/Ras El-Mouche-Stress/Naïlia-Stress/Adrar-Stress/Oussama-Stress/Amalou-Stress/Massine-Stress/Taffa-Stress/Firdaws-Stress/Amira-Stress/Tamellalet-Stress/Laanaceur-Stress,68,FALSE,"",""
NM0123,M-int_(CR0)_(N1)/M-int_(CR1)_(N0)/M-int_(CR1)_(N1)/M-int_(CR0)_(N0)/C_(CR0)_(N0)/C_(CR0)_(N1)/C_(CR1)_(N0)/C_(CR1)_(N1),8,TRUE,Jabesh,""
NM0126,SAM-KNUST 1001/SAM-KNUST 1002/SAM-KNUST 1032/SAM-KNUST 1003/SAM-KNUST 1031/SAM-Biofix/SAM-BR3267/SAM-N-/SAM-N+,9,FALSE,"",""
NM0131,CKDHH170048 WW/CKDHH170028 WW/CKDHH170029 WW/WM5126 WW/CKDH160004 WW/CKDHH170075 WW/CKDHH170027 WW/WM5307 WW/CKDHH170071 WW/Local check-E WW/Duma 43 WW/PAN4M-19 WW/DH04 WW/DK 8031 WW/CKDHH170148 WW/WM5312 WW/CKDHH170150 WW/CKDHH170149 WW/CKDHH170146 WW/CKDHH170145 WW/CKH160125 WW/CKH160101 WW/CKDHH170018 WW/CKDHH170021 WW/CKDHH170054 WW/CKDHH170013 WW/CKDHH170049 WW/WM5497 WW/CKDHH170059 WW/CKDHH170008 WW/WE3106 WW/WE1101 WW/CKH10717 WW/P30G19 WW/WH505 WW/Local check-I WW/H516 WW/WM5330 WW/CKDHH170032 WW/WM5404 WW/WM5460 WW/WM5310 WW/CKDHH170011 WW/WM5465 WW/CKDHH170048 DS/CKDHH170028 DS/CKDHH170029 DS/WM5126 DS/CKDH160004 DS/CKDHH170075 DS/CKDHH170027 DS/WM5307 DS/CKDHH170071 DS/Local check-E DS/Duma 43 DS/PAN4M-19 DS/DH04 DS/DK 8031 DS/CKDHH170148 DS/WM5312 DS/CKDHH170150 DS/CKDHH170149 DS/CKDHH170146 DS/CKDHH170145 DS/CKH160125 DS/CKH160101 DS/CKDHH170018 DS/CKDHH170021 DS/CKDHH170054 DS/CKDHH170013 DS/CKDHH170049 DS/WM5497 DS/CKDHH170059 DS/CKDHH170008 DS/WE3106 DS/WE1101 DS/CKH10717 DS/P30G19 DS/WH505 DS/Local check-I DS/H516 DS/WM5330 DS/CKDHH170032 DS/WM5404 DS/WM5460 DS/WM5310 DS/CKDHH170011 DS/WM5465 DS,88,FALSE,"",""
NM0138,WARK-068/WARK-063/WARK-070/WARK-074/WARK-082/WARK-081/WARK-084/WARK-092/WARK-093/WARK-100/WARK-103/ACC-202-374/Gida-Ayana/Gonder-1/Humera-1/Hirhr,16,FALSE,"",""
NN0041,0P,1,TRUE,Jabesh,""
NN0049,Plastic-M>>NT stover/Plastic-M>>Till stover/CONTROL>>NT stover/CONTROL>>Till stover/Plastic-M>>NT no mulch/Plastic-M>>Till no mulch/CONTROL>>NT no mulch/CONTROL>>Till no mulch/Plastic-M>>NT org/Plastic-M>>Till org/CONTROL>>NT org/CONTROL>>Till org,12,FALSE,Jabesh,Delimitter issue
NN0184.1,L-BB2,1,FALSE,"",""
NN0184.3,L-BB2,1,FALSE,"",""
NN0187,NF-FYM+NPK,1,TRUE,Jabesh,""
NN0240,P-Cont,1,TRUE,Jabesh,""
NN0241,Gliricidia INT,1,FALSE,"",""
NN0310,Maesopsis eminii (W),1,FALSE,"",""
NN0416,sole roselle A2/sole roselle A3/(roselle) maize +  roselle A2 intercrop/(roselle) maize +  roselle A3 intercrop,4,FALSE,"",""
NN0418,CA GN rot CG7,1,FALSE,"",""
NN0424,Sole Maize (BH540)/Maize intercop with Potatoes (BH540)/Maize intercrop (others) (BH540),3,FALSE,"",""
NN0426,DKB 333B Irrigated/DAS CO32 Irrigated/Exceler Irrigated/DKB 333B Rainfed/DAS CO32 Rainfed/Exceler Rainfed,6,FALSE,"",""
NN0427,MP2 (Maize)/MB 1 (Maize)/MB 2 (Maize)/MP1 (PP) 2009,4,FALSE,"",""
NN0428,Maize ROT,1,FALSE,"",""
NN0430,sole samsoy/intercrop samsoy-low,2,FALSE,"",""
NN0432,Corn+ GG_yr1/MC corn_yr2/Corn + PG_yr2/Corn+ GG_yr2/PG in Corn + PG_yr2/GG in Corn+ GG_yr2,6,FALSE,"",""
NN0433,S1-AG 9045  at  0 ET/S1-DKB 240  at  0 ET/S1-status  at  0 ET/S2-AG 177  at  0 ET/S2-DKB 290  at  0 ET/S2-AG 9025  at  0 ET/S2-AG 8780  at  0 ET/S2-P 1630  at  0 ET/S2-DKB 230  at  0 ET/S1-AG 9045  at  50 ET/S1-DKB 240  at  50 ET/S1-status  at  50 ET/S2-AG 177  at  50 ET/S2-DKB 290  at  50 ET/S2-AG 9025  at  50 ET/S2-AG 8780  at  50 ET/S2-P 1630  at  50 ET/S2-DKB 230  at  50 ET/S1-AG 9045  at  75 ET/S1-DKB 240  at  75 ET/S1-status  at  75 ET/S2-AG 177  at  75 ET/S2-DKB 290  at  75 ET/S2-AG 9025  at  75 ET/S2-AG 8780  at  75 ET/S2-P 1630  at  75 ET/S2-DKB 230  at  75 ET/S1-AG 9045  at  100 ET/S1-DKB 240  at  100 ET/S1-status  at  100 ET/S2-AG 177  at  100 ET/S2-DKB 290  at  100 ET/S2-AG 9025  at  100 ET/S2-AG 8780  at  100 ET/S2-P 1630  at  100 ET/S2-DKB 230  at  100 ET/S1-AG 9045  at  125 ET/S1-DKB 240  at  125 ET/S1-status  at  125 ET/S2-AG 177  at  125 ET/S2-DKB 290  at  125 ET/S2-AG 9025  at  125 ET/S2-AG 8780  at  125 ET/S2-P 1630  at  125 ET/S2-DKB 230  at  125 ET,45,FALSE,"",""
NN0435,(M)maize + GG-A B/(M)maize + GG-A  V4/(GG-T)maize + GG-A FS/(GG)maize + GG-A B,4,FALSE,"",""
NN0436,R2A ZT—Soybean/R2A ZT—Wheat/R2B ZT—Soybean/R2B ZT—Vetch/R2A CT—Soybean/R2A CT—Wheat/R2B CT—Wheat/R2B CT—Soybean/R2B CT—Vetch,9,FALSE,Jabesh,This is correct
NN0441,(M)Cass-High maize-F0 (otukpo)/(M)Cass-High maize-FC (otukpo)/(M)Cass-High maize-FM (otukpo)/(M)Cass-Low maize-F0 (otukpo)/(M)Cass-Low maize-FC (otukpo)/(M)Cass-Low maize-FM (otukpo)/sole low maize (otukpo)/sole High maize (otukpo),8,FALSE,"",""
NN0442,NT Wheat BRS 18/NT Wheat Ocepar 16/NT Wheat BRS 193/NT Wheat BRS 208/NTC Wheat BRS 18/NTC Wheat Ocepar 16/NTC Wheat BRS 193/NTC Wheat BRS 208/CT Wheat BRS 18/CT Wheat Ocepar 16/CT Wheat BRS 193/CT Wheat BRS 208/NT SB Embrapa 48/NT SB BRS 133/NT SB BRS 156/NT SB BRS 184/NT SB BRS 232/NTC SB BR 37/NTC SB Embrapa 48/NTC SB BRS 133/NTC SB BRS 156/NTC SB BRS 184/NTC SB BRS 232/CT SB BR 37/CT SB Embrapa 48/CT SB BRS 133/CT SB BRS 156/CT SB BRS 184/CT SB BRS 232/NT Maize BRS 3123/NT Maize P 3041/NT Maize P 30F33/NT Maize BRS 1030/NTC Maize BRS 3123/NTC Maize P 3041/NTC Maize P 30F33/NTC Maize BRS 1030/CT Maize BRS 3123/CT Maize P 3041/CT Maize P 30F33/CT Maize BRS 1030,41,FALSE,"",""
NN0446,Control - Nasir/50 NPSB - Nasir/100 NPSB - Nasir/150 NPSB - Nasir/200 NPSB - Nasir/250 NPSB - Nasir,6,FALSE,"",""
NN0453,100% Irrigation 50 Ca Sammaz35/100% Irrigation 50 Ca EVDT/100% Irrigation 0 Ca Sammaz35/100% Irrigation 0 Ca EVDT/75% Irrigation 50 Ca Sammaz35/75% Irrigation 50 Ca EVDT/75% Irrigation 0 Ca Sammaz35/75% Irrigation 0 Ca EVDT/50% Irrigation 50 Ca Sammaz35/50% Irrigation 50 Ca EVDT/50% Irrigation 0 Ca Sammaz35/50% Irrigation 0 Ca EVDT,12,FALSE,"",""
NN0454,WE2109-CT/WE2109-ATR/WE2109-RTR/Marcia-CT/Marcia-ATR/Marcia-RTR,6,FALSE,"",""
NN0456,NT+HR (Weed1)/NT+LR (Weed2)/NT+MR (weed3),3,FALSE,"",""
NN0463,sole mdP/sole mdP+P/(M)MZ- mdP intercrop/(M)MZ- mdP intercrop+P/(M)MZ- mdP intercrop+NP/(mdP)MZ- mdP intercrop/(mdP)MZ- mdP intercrop+P/(mdP)MZ- mdP intercrop+NP,8,FALSE,"",""
NN0466,Biochar 0_Ben002M/Biochar 0_E-8/Biochar 0_Ben001M/Biochar 5_Ben002M/Biochar 5_E-8/Biochar 5_Ben001M/Biochar 10_Ben002M/Biochar 10_E-8/Biochar 10_Ben001M/Biochar 15_Ben002M/Biochar 15_E-8/Biochar 15_Ben001M/Biochar 20_Ben002M/Biochar 20_E-8/Biochar 20_Ben001M,15,FALSE,"",""
NN0473,V2 T1 IRR/V2 T2 IRR/V2 T3 IRR/V2 T4 IRR/V2 T5 IRR/V2 T1 Rain/V2 T2 Rain/V2 T3 Rain/V2 T4 Rain/V2 T5 Rain/V3 T1 IRR/V3 T2 IRR/V3 T3 IRR/V3 T4 IRR/V3 T5 IRR/V3 T1 Rain/V3 T2 Rain/V3 T3 Rain/V3 T4 Rain/V3 T5 Rain/V4 T1 IRR/V4 T2 IRR/V4 T3 IRR/V4 T4 IRR/V4 T5 IRR/V4 T1 Rain/V4 T2 Rain/V4 T3 Rain/V4 T4 Rain/V4 T5 Rain,30,FALSE,"",""
NN0474,N-0 (Arsi)/N-46 (Arsi)/N-92 (Arsi)/N-138 (Arsi)/N-184 (Arsi)/N-230 (Arsi)/P-0 (Arsi)/P-10 (Arsi)/P-20 (Arsi)/P-30 (Arsi)/P-40 (Arsi)/P-50 (Arsi)/K-0 (Arsi)/K-17 (Arsi)/K-33 (Arsi)/K-50 (Arsi)/K-66 (Arsi)/K-83 (Arsi)/K-100 (Arsi)/K-116 (Arsi)/S-0 (Arsi)/S-10 (Arsi)/S-20 (Arsi)/S-30 (Arsi)/S-40 (Arsi)/S-50 (Arsi)/N-0 (Halaba)/N-46 (Halaba)/N-92 (Halaba)/N-138 (Halaba)/N-184 (Halaba)/N-230 (Halaba)/P-0 (Halaba)/P-10 (Halaba)/P-20 (Halaba)/P-30 (Halaba)/P-40 (Halaba)/P-50 (Halaba)/K-0 (Halaba)/K-17 (Halaba)/K-33 (Halaba)/K-50 (Halaba)/K-66 (Halaba)/K-83 (Halaba)/K-100 (Halaba)/K-116 (Halaba)/S-0 (Halaba)/S-10 (Halaba)/S-20 (Halaba)/S-30 (Halaba)/S-40 (Halaba)/S-50 (Halaba),52,FALSE,"",""
NN0477,V2- Farmer practice/V2- Transplanted but not irrigated/V2- Transplanted and irrigating to saturation/V2 - Transplanted and ponding to 1 cm/V2 - Transplanted and ponding to 3 cm/V3- Farmer practice/V3- Transplanted but not irrigated/V3- Transplanted and irrigating to saturation/V3 - Transplanted and ponding to 1 cm/V3 - Transplanted and ponding to 3 cm/V4- Farmer practice/V4- Transplanted but not irrigated/V4- Transplanted and irrigating to saturation/V4 - Transplanted and ponding to 1 cm/V4 - Transplanted and ponding to 3 cm/V5- Farmer practice/V5- Transplanted but not irrigated/V5- Transplanted and irrigating to saturation/V5 - Transplanted and ponding to 1 cm/V5 - Transplanted and ponding to 3 cm,20,FALSE,"",""
NN0492,Gora- sprayed,1,FALSE,"",""
NN0493,IT99K-573-3-2-1 - No spray/Bawutawuta - No spray/Songotra - No spray/Padi-Tuya SARC 3-122-2 - No spray/Local variety - No spray/IT99K-573-3-2-1 - One spray/Bawutawuta - One spray/Songotra - One spray/Padi-Tuya SARC 3-122-2 - One spray/Local variety - One spray/IT99K-573-3-2-1 - Two spray/Bawutawuta - Two spray/Songotra - Two spray/Padi-Tuya SARC 3-122-2 - Two spray/Local variety - Two spray/IT99K-573-3-2-1 - Three spray/Bawutawuta - Three spray/Songotra - Three spray/Padi-Tuya SARC 3-122-2 - Three spray/Local variety - Three spray,20,FALSE,"",""
NN0494,"IR 63380-16/ARICA4/ITA 301/Apo/CIRAD 3941/CIRAD 403/IRAT 133/LAC 23/IR 71676-90-2-2/PCT 11/0/0/2,BO/1>55-1-3-1/IR 63371-38/IRAT 112/ITA 117/IAC 47/IR 66421-096-2-1-1/IRAT 257/IRAT 109/CAIAPO/NERICA 2/Ofada 3/Ofada 4/Igbemo White/Sabon daga/China best/Igbemo red/Ofada 2/Ofada 1/Ebonyi Local",28,FALSE,"",""
NN0495,V2 N0/V2 N25/V2 N50/V2 N75/V2 N100,5,FALSE,"",""
NN0496,Amankwatia/ARS-957-BGJ-171-15-D-B/FARO 66/FARO 67/GT 11/NERICA L-36/ORYLUX 3/ORYLUX 4/ORYLUX 6/SAHEL 177/SAHEL 305/SAHEL 317/WAB56-50/WITA9,14,FALSE,"",""
NN0502,Improved-Ardu/Improved-Shege/Improved-HB1703/Improved-Balami/244772/64164/243606/238663/243231/219177/64080/241790/219763/243235/244904/235540/64118/4752/243171/243576/238750/64068/241788/241787/241789/215223/215224/215689/215204/ICARDA 1/ICARDA 2/ICARDA 3/ICARDA 4/ICARDA 5/ICARDA 6/ICARDA 7/ICARDA 8/ICARDA 9/ICARDA 10/ICARDA 11/ICARDA 12,41,FALSE,"",""
NN0505,95/18544/95/18922/95/18949/95/19156/95/19158/95/19177/96/00594/96/02025/96/02610/Laribako,10,FALSE,"",""
NN0506,Zero Radiation- 100% Irr - Cara/Zero Radiation- 100% Irr - Caruso/Zero Radiation- 100% Irr - Hermes/Zero Radiation- 80% Irr - Cara/Zero Radiation- 80% Irr - Caruso/Zero Radiation- 80% Irr - Hermes/Zero Radiation- 60% Irr - Cara/Zero Radiation- 60% Irr - Caruso/Zero Radiation- 60% Irr - Hermes,9,FALSE,"",""
NN0507,CSM 63E - No irrigation/PR3009B - No irrigation/CSM 63E - Irrigated/PR3009B - Irrigated,4,FALSE,"",""
NN0509,Zai pits V2/Tied ridge V2/Conv V2,3,FALSE,"",""
NN0514.1,SR21 Maize- 0 Fert/SR21- Maize- 60N 10P 12K/SR21- Maize- 97N 20P 48K/SR21- Maize- 111N 30P 60K/SR21- Maize- 80N 30P 40K/SR21- Maize- 90N 30P 40K/SR21- Maize- 100N 30P 40K/SR21- Maize- 110N 30P 40K/SR21- Maize- 120N 30P 40K/Barka Maize- 0 Fert/Barka- Maize- 60N 10P 12K/Barka- Maize- 97N 20P 48K/Barka- Maize- 111N 30P 60K/Barka- Maize- 80N 30P 40K/Barka- Maize- 90N 30P 40K/Barka- Maize- 100N 30P 40K/Barka- Maize- 110N 30P 40K/Barka- Maize- 120N 30P 40K,18,FALSE,"",""
NN0515,Mod- Spinach- WW -G,1,FALSE,"",""
NN0518,V2 N0/V2 N40/V2 N64/V2 N88/V3 N0/V3 N40/V3 N64/V3 N88,8,FALSE,"",""
NN0523,V2- WW- AsA/V3- WW- AsA/V4- WW- AsA/V5- WW- AsA/V2- WW- Si/V3- WW- Si/V4- WW- Si/V5- WW- Si/V2- WW- Control/V3- WW- Control/V4- WW- Control/V5- WW- Control/V2- MD- AsA/V3- MD- AsA/V4- MD- AsA/V5- MD- AsA/V2- MD- Si/V3- MD- Si/V4- MD- Si/V5- MD- Si/V2- MD- Control/V3- MD- Control/V4- MD- Control/V5- MD- Control/V2- SD- AsA/V3- SD- AsA/V4- SD- AsA/V5- SD- AsA/V2- SD- Si/V3- SD- Si/V4- SD- Si/V5- SD- Si/V2- SD- Control/V3- SD- Control/V4- SD- Control/V5- SD- Control,36,FALSE,"",""
NN0525,KVx775 33-2/IT98K-205 8/KVx771 10/Melakh/KVx 421 2J,5,FALSE,"",""
NN0527,Tzm control/TZm 50N/TZm 150N,3,FALSE,"",""
NN0530,CRG-AP x AZ-1-13/CRG-AP x AZ-8-13/CRG-SH x AZ-7-13/CRG-SH x AZ-4-13/CRG-AP x NK-2-13/CRG-SH x AZ-2-13/CRG-AP x AZ-13-13/CRG-AP x AZ-9-13/CRG-AP x NK-3-13/CRG-AP x NK-10-13/CRG-NP x NK-7-13/Azivivi/Shitaochi-Local/CRG-AP x AZ-11-13/CRG-AP x AZ-6-13/CRG-AP x AZ-3-13/CRG-AP x NK-6-13/CRG-AP x AZ-14-13/CRG-AP x AZ-2-13/CRG-AP x AZ-12-13/CRG-AP x NK-11-13/CRG-AP x NK-1-13/CRG-AP x NK-8-13/CRG-AP x AZ-7-13/CRG-NP x NK-3-13/CRG-SH x NK-1-13/CRG-AP x AZ-10-13/Nkosour/CRG-SH x AZ-1-13/CRG-AP x NK-9-13/CRG-AP x NK-5-13/CRG-AP x NK-4-13/CRG-NP x NK-2-13/CRG-AP x AZ-16-13/CRG-SH x AZ-5-13/CRG-AP x AZ-4-13/CRG-AP x AZ-15-13/CRG-AP x NK-12-13/CRG-SH x AZ-6-13/CRG-AP x AZ-5-13/CRG-SH x NK-2-13/Oboshie/Obolo/Yenyawoso/Adepa/Jenkaar/Kumawu-Local/Otuhia,48,FALSE,"",""
NN0531,Hybrid maize/OPV maize,2,FALSE,"",""
NN0533,ET Control V1/ET Control V2/ET NPK V2/ET PK V2/ET NK V2/ET NP V2/ET NPK + micronutrients V2/TZ Control V2/TZ NPK V2/TZ PK V2/TZ NK V2/TZ NP V2/TZ NPK + micronutrients V2/TZ Control V3/TZ NPK V3/TZ PK V3/TZ NK V3/TZ NP V3/TZ NPK + micronutrients V3,19,FALSE,"",""
NN0535,Nuro - Local/Borshe - Local,2,FALSE,"",""
NN0537,DL1001 - Inter/DL1002 - Inter/Echo Cream - Inter/Highworth - Inter/ILRI 13700 - Inter/ILRI 14437 - Inter/ILRI 6930 - Inter/Karamoja Red - Inter/PI 195851 - Inter/Q 6880B - Inter/Rongai - Inter/SARI Nyeupe - Inter/SARI Rongai - Inter/CIAT 22759 - Sole/DL1002 - Sole/Echo Cream - Sole/Highworth - Sole/ILRI 13700 - Sole/ILRI 14437 - Sole/ILRI 6930 - Sole/Karamoja Red - Sole/PI 195851 - Sole/Q 6880B - Sole/Rongai - Sole/SARI Nyeupe - Sole/SARI Rongai - Sole,26,FALSE,"",""
NN0540,H513 0N Embu/H513 30N Embu/H513 60N Embu/H513 90N Embu/PAN419 0N Harare/PAN419 40N Harare/PAN419 80N Harare/PAN419 160N Harare,8,FALSE,"",""
NN0542,Amankwatia (SB)/Aromatic Short (SB)/Ex Baika (SB)/Shwepyihtay (SB)/Shwethweyin (SB)/Sinthuka (SB)/Theehtatyin (SB)/Yadanatoe (SB)/Amankwatia (conv)/Aromatic Short (conv)/Ex Baika (conv)/Shwepyihtay (conv)/Shwethweyin (conv)/Sinthuka (conv)/Theehtatyin (conv)/Yadanatoe (conv),16,FALSE,"",""
NN0546,Date 1-L219/Date 1-L202/Date 1-L268/Date 1-L17/Date 1-L227/Date 1-L72/Date 1-L118/Date 1-L123/Date 1-L158/Date 1-L116/Date 1-L68/Date 1-L258/Date 1-L59/Date 1-L215/Date 1-L233/Date 1-L106/Date 1-L112/Date 1-L107/Date 1-L271/Date 1-Check/Date 2-L207/Date 2-L23/Date 2-L75/Date 2-L168/Date 2-L64/Date 2-L202/Date 2-L182/Date 2-L177/Date 2-L60/Date 2-L249/Date 2-L185/Date 2-L11/Date 2-L5/Date 2-L170/Date 2-L52/Date 2-L244/Date 2-L250/Date 2-L236/Date 2-L100/Date 2-Check/Date 1-L211/Date 1-L120/Date 1-L2/Date 1-L88/Date 1-L176/Date 2-L110/Date 2-L190/Date 2-L55/Date 2-L263/Date 2-L277/Date 1-L19/Date 1-L140/Date 1-L49/Date 1-L250/Date 1-L54/Date 1-L182/Date 1-L43/Date 1-L281/Date 1-L174/Date 1-L128/Date 1-L200/Date 1-L41/Date 1-L277/Date 1-L210/Date 1-L257/Date 1-L248/Date 2-L232/Date 2-L84/Date 2-L115/Date 2-L127/Date 2-L162/Date 2-L234/Date 2-L86/Date 2-L72/Date 2-L47/Date 2-L148/Date 2-L257/Date 2-L54/Date 2-L41/Date 2-L132/Date 2-L109/Date 2-L113/Date 1-L246/Date 1-L89/Date 1-L192/Date 2-L89/Date 2-L106/Date 2-L141/Date 2-L173/Date 2-L224,90,FALSE,"",""
NN0548,Fert A. Bani Ghany/Fert A. Clone 21/Fert A. Clone 22C/Fert A. Egaseed 1/Fert A. Egaseed 2/Fert A. Grower’s Clone/Fert A. Salaqus-3C/Fert A. Sids 40 “Aiat”/Fert A. Sids 40 “Station”/Fert A.Clone 5/Fert A. Clone 10/Fert A. Clone 18/Fert A. Clone 22W/Fert A. Clone 24/Fert A. Clone 25/Fert A. Egaseed clone/Fert A. Egyptian/Fert A. Elwady/Fert A. Owainat/Fert A.Salaqus-3W/Fert A.Sids 40/Fert A.Balady/Fert B. Bani Ghany/Fert B. Clone 21/Fert B. Clone 22C/Fert B. Egaseed 1/Fert B. Egaseed 2/Fert B. Grower’s Clone/Fert B. Salaqus-3C/Fert B. Sids 40 “Aiat”/Fert B. Sids 40 “Station”/Fert B.Clone 5/Fert B. Clone 10/Fert B. Clone 18/Fert B. Clone 22W/Fert B. Clone 24/Fert B. Clone 25/Fert B. Egaseed clone/Fert B. Egyptian/Fert B. Elwady/Fert B. Owainat/Fert B.Salaqus-3W/Fert B.Sids 40/Fert B.Balady,44,FALSE,"",""
NN0555,Maize rot - fert/97-3 Maize rot,2,FALSE,Jabesh,This is correct
NN0556,till 10-days interval (Dendi)/till 15-days interval (Dendi)/till 20-days interval (Dendi)/one plough (Dendi)/till 10-days interval (R-186)/till 15-days interval (R-186)/till 20-days interval (R-186)/one plough (R-186),8,FALSE,"",""
NN0559.3,(Mamaba) control/(Mamaba) standard-60/(Mamaba) SFI 1- 90/(Mamaba) SFI 2- 135,4,FALSE,"",""
SA0001,1_Con-R2 Sabitri/2_N-R2 Sabitri/3_NP-R2 Sabitri/4_NK-R2 Sabitri/5_NPK-R2 Sabitri/6_FYM-R2 Sabitri/1_Con CH45/2_N CH45/3_NP CH45/4_NK CH45/5_NPK CH45/6_FYM CH45/1_Con_W Lumbini/2_N_W Lumbini/3_NP_W Lumbini/4_NK_W Lumbini/5_NPK_W Lumbini/6_FYM_W Lumbini/1_Con Chaite-4/2_N Chaite-4/3_NP Chaite-4/4_NK Chaite-4/5_NPK Chaite-4/6_FYM Chaite-4/1_Con_W Siddhartha/2_N_W Siddhartha/3_NP_W Siddhartha/4_NK_W Siddhartha/5_NPK_W Siddhartha/6_FYM_W Siddhartha/1_Con-R2 Laxmi/2_N-R2 Laxmi/3_NP-R2 Laxmi/4_NK-R2 Laxmi/5_NPK-R2 Laxmi/6_FYM-R2 Laxmi/1_Con Laxmi/2_N Laxmi/3_NP Laxmi/4_NK Laxmi/5_NPK Laxmi/6_FYM Laxmi/1_Con_W Nepal-297/2_N_W Nepal-297/3_NP_W Nepal-297/4_NK_W Nepal-297/5_NPK_W Nepal-297/6_FYM_W Nepal-297/1_Con-R2 Durga/2_N-R2 Durga/3_NP-R2 Durga/4_NK-R2 Durga/5_NPK-R2 Durga/6_FYM-R2 Durga/1_Con-R2 Bindeswari/2_N-R2 Bindeswari/3_NP-R2 Bindeswari/4_NK-R2 Bindeswari/5_NPK-R2 Bindeswari/6_FYM-R2 Bindeswari/1_Con-R2 CH45/2_N-R2 CH45/3_NP-R2 CH45/4_NK-R2 CH45/5_NPK-R2 CH45/6_FYM-R2 CH45/1_Con-R2 Janaki/2_N-R2 Janaki/3_NP-R2 Janaki/4_NK-R2 Janaki/5_NPK-R2 Janaki/6_FYM-R2 Janaki/1_Con-R2 Makwanpur1/2_N-R2 Makwanpur1/3_NP-R2 Makwanpur1/4_NK-R2 Makwanpur1/5_NPK-R2 Makwanpur1/6_FYM-R2 Makwanpur1,78,FALSE,"",""
SA0006,NPK + GR + FYM W,1,FALSE,"",""
SA0022,CONTROL-DS/100NPK-DS/150NPK-DS/100NPK+Zn-DS/100NPK+FYM-DS/100NPK+Zn+B-DS/100NPK+Zn+S-DS,7,FALSE,"",""
SA0023,CONTROL-DS/100NPK-DS/150NPK-DS/100NPK+Zn-DS/100NPK+FYM-DS/100NPK+Zn+B-DS/100NPK+Zn+S-DS,7,FALSE,"",""
SA0036,M-C-Rt/M-FYM-Rt/M-FYM+0.5NPK-Rt/M-FYM+1NPK-Rt/M 1NPK-Rt,5,FALSE,Jabesh,This is correct
SA0048,1-MGP-faizr/2-MGP-faizr/3-MGP-faizr/4-MGP-faizr/5-MGP-faizr/6-MGP-faizr/1-MGP-faizw/2-MGP-faizw/3-MGP-faizw/4-MGP-faizw/5-MGP-faizw/6-MGP-faizw,12,FALSE,"",""
SP0002,Sole Faba V2/Sole Faba V3/Sole Faba V4/Intercrop Faba V2 25%/Intercrop Faba V2 50%/Intercrop Faba V2 75%/Intercrop Faba V3 25%/Intercrop Faba V3 50%/Intercrop Faba V3 75%/Intercrop Faba V4 25%/Intercrop Faba V4 50%/Intercrop Faba V4 75%,12,FALSE,"",""
SP0005,IntBanana-Mul-NT/IntBanana-Nmul-RT/IntBanana-Comp-RT/IntMaize-Mul-NT/IntMaize-Nmul-RT/IntMaize-Comp-RT/IntBeans-Mul-NT/IntBeans-Nmul-RT/IntBeans-Comp-RT,9,TRUE,Jabesh,""
SP0017,L1-IPRCamposGerais/L2-IPRCamposGerais/L3-IPRCamposGerais/L4-IPRCamposGerais/L5-IPRCamposGerais,5,FALSE,"",""
SP0021,Wheat-Zn2-AzoBra/Wheat-Zn2-WOAzoBra/Wheat-Zn4-AzoBra/Wheat-Zn4-WOAzoBra/Wheat-Zn6-AzoBra/Wheat-Zn6-WOAzoBra/Wheat-Zn8-AzoBra/Wheat-Zn8-WOAzoBra,8,TRUE,Jabesh,""
SP0022,1-LaFe-HON-AS40%-T5296/2-Palmira-CRI-AS20%-Catuai/2-Palmira-CRI-AS20%-CR95/2-Palmira-CRI-AS20%-Tekisic/3-SanAnt-SLV-AS40%-Casitic/3-SanAnt-SLV-AS40%-Caturra/4-SanJose-SLV-AS30%-Catuai/4-SanJose-SLV-AS30%-Caturra/4-SanJose-SLV-AS30%-Tekisic/5-Coto-CRI-AS20%-Catuai/6-SanJor-SLV-AS40%-Caturra/6-SanJor-SLV-AS40%-Tekisic/7-Lind-HON-AS50%-CR95/8-Bhere1-CRI-FS-Catuai/8-Bhere1-CRI-FS-Caturra/8-Bhere1-CRI-FS-CR95/8-Bhere1-CRI-FS-IAPAR59/8-Bhere1-CRI-FS-T17931/8-Bhere1-CRI-FS-T17933/8-Bhere1-CRI-FS-T18121/8-Bhere1-CRI-FS-T18138/8-Bhere1-CRI-FS-T18141/9-Bhere2-CRI-FS-Catuai/9-Bhere2-CRI-FS-Caturra/10-Usul-SLV-AS50%-Caturra/10-Usul-SLV-AS50%-Tekisic/11-Ahua-SLV-AS30%-Caturra/11-Ahua-SLV-AS30%-Tekisic/12-Tarra-CRI-FS-Catuai/12-Tarra-CRI-FS-Caturra/13-Marc-HON-AS30%-CR95/14-Saba-CRI-FS-Catuai/14-Saba-CRI-FS-Caturra/14-Saba-CRI-FS-CR95/14-Saba-CRI-FS-IAPAR59/14-Saba-CRI-FS-T17931/14-Saba-CRI-FS-T17933/14-Saba-CRI-FS-T18121/14-Saba-CRI-FS-T18138/14-Saba-CRI-FS-T18141/15-StaMa-CRI-FS-Catuai/15-StaMa-CRI-FS-Caturra/15-StaMa-CRI-FS-CR95/15-StaMa-CRI-FS-IAPAR59/15-StaMa-CRI-FS-T17931/15-StaMa-CRI-FS-T17933/15-StaMa-CRI-FS-T18121/15-StaMa-CRI-FS-T18138/15-StaMa-CRI-FS-T18141,49,FALSE,"",""
SP0025,SC + 0 LBBF/SC + 10% LBBF/SC + 20% LBBF/SC + 30% LBBF/SC + 40% LBBF/LG + 0 LBBF/LG + 10% LBBF/LG + 20% LBBF/LG + 30% LBBF/LG + 40% LBBF,10,FALSE,"",""
SP0048,IG17-IC-HM-F0/IG17-IC-HM-FM/IG17-IC-HM-FC/OM17-IC-HM-F0/OM17-IC-HM-FM/OM17-IC-HM-FC/IK17-IC-HM-F0/IK17-IC-HM-FM/IK17-IC-HM-FC/OT17-IC-HM-F0/OT17-IC-HM-FM/OT17-IC-HM-FC/IG18-IC-HM-F0/IG18-IC-HM-FM/IG18-IC-HM-FC/OM18-IC-HM-F0/OM18-IC-HM-FM/OM18-IC-HM-FC/IK18-IC-HM-F0/IK18-IC-HM-FM/IK18-IC-HM-FC/OT18-IC-HM-F0/OT18-IC-HM-FM/OT18-IC-HM-FC,24,FALSE,Jabesh,This is correct
